x_2dvec,y,W_0,b,V_0,c
"[-4.0, -4.0]",1.0,"[-7.608251172455797, 3.76327948324991]","[-14.733026093433308, 7.717118356215753]",[8.943034072128349],[-6.737769276106]
"[-4.0, -1.0]",1.0,"[-4.838625773774415, 6.003031437229479]",,[6.732965822298417],
"[-1.0, -1.0]",1.0,,,,
"[-1.0, 2.0]",1.0,,,,
"[2.0, 2.0]",1.0,,,,
"[-3.0, -4.0]",0.0,,,,
"[-1.5, -4.0]",0.0,,,,
"[-1.5, -0.5]",0.0,,,,
"[1.0, -1.0]",0.0,,,,
"[1.5, 2.5]",0.0,,,,
