x_2dvec,y,W_0,b,V_0,c
"[-4.0, -4.0]",1.0,"[-4.886907149724702, 4.718155646179277]","[1.052298006157903, 1.7687878515971378]",[6.821230093356311],[-8.285375005206607]
"[-4.0, -1.0]",1.0,"[-7.391999051438353, 7.2432019902515465]",,[11.791155449953427],
"[-1.0, -1.0]",1.0,,,,
"[-1.0, 2.0]",1.0,,,,
"[2.0, 2.0]",1.0,,,,
"[-2.0, -3.0]",0.0,,,,
"[1.0, -3.0]",0.0,,,,
"[1.0, 0.5]",0.0,,,,
"[4.0, 0.5]",0.0,,,,
"[4.0, 3.5]",0.0,,,,
