x_2dvec,y,W_0,b,V_0,c
"[-4.0, -4.0]",1.0,"[-7.6657448657810665, 3.760997575791401]","[-14.759206030540284, 2.493523284373438]",[10.416748755110541],[0.0023439973486760277]
"[-4.0, -1.0]",1.0,"[-0.9085495591925081, -4.371515411349752]",,[-1.400309914754924],
"[-1.0, -1.0]",1.0,,,,
"[-1.0, 2.0]",1.0,,,,
"[2.0, 2.0]",1.0,,,,
"[-3.0, -4.0]",0.0,,,,
"[-1.5, -4.0]",0.0,,,,
"[-1.5, -0.5]",0.0,,,,
"[1.0, -1.0]",0.0,,,,
"[1.5, 2.5]",0.0,,,,
