x_2dvec,y,W_0,b,V_0,c
"[-4.0, -4.0]",1.0,"[4.931348158532748, -5.590298407314707]","[-3.0392260170769925, 10.250093902102323]",[-13.912036725297556],[9.292461727746295]
"[-4.0, -1.0]",1.0,"[11.167316029334454, -0.144032338015441]",,[-9.667134221437111],
"[-1.0, -1.0]",1.0,,,,
"[-1.0, 2.0]",1.0,,,,
"[2.0, 2.0]",1.0,,,,
"[-3.0, -4.0]",0.0,,,,
"[-0.5, -4.0]",0.0,,,,
"[-0.5, -0.5]",0.0,,,,
"[1.5, -1.5]",0.0,,,,
"[1.5, 2.5]",0.0,,,,
