x_2dvec,y,W_0,b,V_0,c
"[2.8,0.4]",1,"[1.05954587,-0.05625762]","[-0.050686,-0.06894291]",[3.76921058],[-0.0148436]
"[3.1,4.3]",1,"[-0.03749863,1.09518945]",,[-3.72139955],
"[0.1,-3.4]",1,,,,
"[-4.2,-3.3]",1,,,,
"[-0.5,0.2]",1,,,,
"[-2.7,-0.4]",0,,,,
"[-3,-4.3]",0,,,,
"[-0.1,3.4]",0,,,,
"[4.2,3.2]",0,,,,
"[0.4,-0.1]",0,,,,
